[
{"District":"South Andamans","State":"Andaman And Nicobar Islands","Zone":"Red Zone"},
{"District":"Nicobars","State":"Andaman And Nicobar Islands","Zone":"Green Zone"},
{"District":"North And Middle Andaman","State":"Andaman And Nicobar Islands","Zone":"Green Zone"},
{"District":"Kurnool","State":"Andhra Pradesh","Zone":"Red Zone"},
{"District":"Guntur","State":"Andhra Pradesh","Zone":"Red Zone"},
{"District":"Krishna","State":"Andhra Pradesh","Zone":"Red Zone"},
{"District":"Chittoor","State":"Andhra Pradesh","Zone":"Red Zone"},
{"District":"Spsr Nellore","State":"Andhra Pradesh","Zone":"Red Zone"},
{"District":"West Godavari","State":"Andhra Pradesh","Zone":"Orange Zone"},
{"District":"YSR","State":"Andhra Pradesh","Zone":"Orange Zone"},
{"District":"Anantapur","State":"Andhra Pradesh","Zone":"Orange Zone"},
{"District":"Prakasam","State":"Andhra Pradesh","Zone":"Orange Zone"},
{"District":"East Godavari","State":"Andhra Pradesh","Zone":"Orange Zone"},
{"District":"Srikakulam","State":"Andhra Pradesh","Zone":"Orange Zone"},
{"District":"Visakhapatanam","State":"Andhra Pradesh","Zone":"Orange Zone"},
{"District":"Vizianagaram","State":"Andhra Pradesh","Zone":"Green Zone"},
{"District":"Lohit","State":"Arunachal Pradesh","Zone":"Green Zone"},
{"District":"Changlang","State":"Arunachal Pradesh","Zone":"Green Zone"},
{"District":"Dibang Valley","State":"Arunachal Pradesh","Zone":"Green Zone"},
{"District":"East Kameng","State":"Arunachal Pradesh","Zone":"Green Zone"},
{"District":"East Siang","State":"Arunachal Pradesh","Zone":"Green Zone"},
{"District":"KurungKumey","State":"Arunachal Pradesh","Zone":"Green Zone"},
{"District":"Lower Dibang Valley","State":"Arunachal Pradesh","Zone":"Green Zone"},
{"District":"Lower Subansiri","State":"Arunachal Pradesh","Zone":"Green Zone"},
{"District":"Papum Pare","State":"Arunachal Pradesh","Zone":"Green Zone"},
{"District":"Tawang","State":"Arunachal Pradesh","Zone":"Green Zone"},
{"District":"Tirap","State":"Arunachal Pradesh","Zone":"Green Zone"},
{"District":"Upper Siang","State":"Arunachal Pradesh","Zone":"Green Zone"},
{"District":"Upper Subansiri","State":"Arunachal Pradesh","Zone":"Green Zone"},
{"District":"West Kameng","State":"Arunachal Pradesh","Zone":"Green Zone"},
{"District":"West Siang","State":"Arunachal Pradesh","Zone":"Green Zone"},
{"District":"Anjaw","State":"Arunachal Pradesh","Zone":"Green Zone"},
{"District":"Longding","State":"Arunachal Pradesh","Zone":"Green Zone"},
{"District":"KraDaadi","State":"Arunachal Pradesh","Zone":"Green Zone"},
{"District":"Namsai","State":"Arunachal Pradesh","Zone":"Green Zone"},
{"District":"Siang","State":"Arunachal Pradesh","Zone":"Green Zone"},
{"District":"Kamle","State":"Arunachal Pradesh","Zone":"Green Zone"},
{"District":"Lower Siang","State":"Arunachal Pradesh","Zone":"Green Zone"},
{"District":"PakkeKessang","State":"Arunachal Pradesh","Zone":"Green Zone"},
{"District":"Leparada","State":"Arunachal Pradesh","Zone":"Green Zone"},
{"District":"Shi Yomi","State":"Arunachal Pradesh","Zone":"Green Zone"},
{"District":"Dhubri","State":"Assam","Zone":"Orange Zone"},
{"District":"Marigaon","State":"Assam","Zone":"Orange Zone"},
{"District":"Goalpara","State":"Assam","Zone":"Orange Zone"},
{"District":"Golaghat","State":"Assam","Zone":"Green Zone"},
{"District":"Karimganj","State":"Assam","Zone":"Green Zone"},
{"District":"Nalbari","State":"Assam","Zone":"Green Zone"},
{"District":"Hailakandi","State":"Assam","Zone":"Green Zone"},
{"District":"Cachar","State":"Assam","Zone":"Green Zone"},
{"District":"Kamrup","State":"Assam","Zone":"Green Zone"},
{"District":"Lakhimpur","State":"Assam","Zone":"Green Zone"},
{"District":"Kamrup Metro","State":"Assam","Zone":"Green Zone"},
{"District":"South SalmaraMancachar","State":"Assam","Zone":"Green Zone"},
{"District":"Barpeta","State":"Assam","Zone":"Green Zone"},
{"District":"Bongaigaon","State":"Assam","Zone":"Green Zone"},
{"District":"Darrang","State":"Assam","Zone":"Green Zone"},
{"District":"Dhemaji","State":"Assam","Zone":"Green Zone"},
{"District":"Dibrugarh","State":"Assam","Zone":"Green Zone"},
{"District":"Jorhat","State":"Assam","Zone":"Green Zone"},
{"District":"KarbiAnglong","State":"Assam","Zone":"Green Zone"},
{"District":"Kokrajhar","State":"Assam","Zone":"Green Zone"},
{"District":"Nagaon","State":"Assam","Zone":"Green Zone"},
{"District":"Dima Hasao","State":"Assam","Zone":"Green Zone"},
{"District":"Sivasagar","State":"Assam","Zone":"Green Zone"},
{"District":"Sonitpur","State":"Assam","Zone":"Green Zone"},
{"District":"Tinsukia","State":"Assam","Zone":"Green Zone"},
{"District":"Chi rang","State":"Assam","Zone":"Green Zone"},
{"District":"Baksa","State":"Assam","Zone":"Green Zone"},
{"District":"Udalguri","State":"Assam","Zone":"Green Zone"},
{"District":"Biswanath","State":"Assam","Zone":"Green Zone"},
{"District":"Majuli","State":"Assam","Zone":"Green Zone"},
{"District":"Charaideo","State":"Assam","Zone":"Green Zone"},
{"District":"Hojai","State":"Assam","Zone":"Green Zone"},
{"District":"West KarbiAnglong","State":"Assam","Zone":"Green Zone"},
{"District":"Munger","State":"Bihar","Zone":"Red Zone"},
{"District":"Patna","State":"Bihar","Zone":"Red Zone"},
{"District":"Rohtas","State":"Bihar","Zone":"Red Zone"},
{"District":"Buxar","State":"Bihar","Zone":"Red Zone"},
{"District":"Gaya","State":"Bihar","Zone":"Red Zone"},
{"District":"Nalanda","State":"Bihar","Zone":"Orange Zone"},
{"District":"Kaimur (Bhabua)","State":"Bihar","Zone":"Orange Zone"},
{"District":"Siwan","State":"Bihar","Zone":"Orange Zone"},
{"District":"Gopalganj","State":"Bihar","Zone":"Orange Zone"},
{"District":"Bhojpur","State":"Bihar","Zone":"Orange Zone"},
{"District":"Begusarai","State":"Bihar","Zone":"Orange Zone"},
{"District":"Aurangabad","State":"Bihar","Zone":"Orange Zone"},
{"District":"Madhubani","State":"Bihar","Zone":"Orange Zone"},
{"District":"Purbi Champaran","State":"Bihar","Zone":"Orange Zone"},
{"District":"Bhagalpur","State":"Bihar","Zone":"Orange Zone"},
{"District":"Arwal","State":"Bihar","Zone":"Orange Zone"},
{"District":"Saran","State":"Bihar","Zone":"Orange Zone"},
{"District":"Nawada","State":"Bihar","Zone":"Orange Zone"},
{"District":"Lakhisarai","State":"Bihar","Zone":"Orange Zone"},
{"District":"Banka","State":"Bihar","Zone":"Orange Zone"},
{"District":"Vaishali","State":"Bihar","Zone":"Orange Zone"},
{"District":"Darbhanga","State":"Bihar","Zone":"Orange Zone"},
{"District":"Jehanabad","State":"Bihar","Zone":"Orange Zone"},
{"District":"Madhepura","State":"Bihar","Zone":"Orange Zone"},
{"District":"Purnia","State":"Bihar","Zone":"Orange Zone"},
{"District":"Sheikhpura","State":"Bihar","Zone":"Green Zone"},
{"District":"Araria","State":"Bihar","Zone":"Green Zone"},
{"District":"Jamui","State":"Bihar","Zone":"Green Zone"},
{"District":"Katihar","State":"Bihar","Zone":"Green Zone"},
{"District":"Khagaria","State":"Bihar","Zone":"Green Zone"},
{"District":"Kishanganj","State":"Bihar","Zone":"Green Zone"},
{"District":"Muzaffarpur","State":"Bihar","Zone":"Green Zone"},
{"District":"Pashchim Champaran","State":"Bihar","Zone":"Green Zone"},
{"District":"Saharsa","State":"Bihar","Zone":"Green Zone"},
{"District":"Samastipur","State":"Bihar","Zone":"Green Zone"},
{"District":"Sheohar","State":"Bihar","Zone":"Green Zone"},
{"District":"Sitamarhi","State":"Bihar","Zone":"Green Zone"},
{"District":"Supaul","State":"Bihar","Zone":"Green Zone"},
{"District":"Chandigarh","State":"Chandigarh","Zone":"Red Zone"},
{"District":"Raipur","State":"Chhattisgarh","Zone":"Red Zone"},
{"District":"Korba","State":"Chhattisgarh","Zone":"Orange Zone"},
{"District":"Surajpur","State":"Chhattisgarh","Zone":"Green Zone"},
{"District":"Bilaspur","State":"Chhattisgarh","Zone":"Green Zone"},
{"District":"Durg","State":"Chhattisgarh","Zone":"Green Zone"},
{"District":"Rajnandgaon","State":"Chhattisgarh","Zone":"Green Zone"},
{"District":"Ba star","State":"Chhattisgarh","Zone":"Green Zone"},
{"District":"Dantewada","State":"Chhattisgarh","Zone":"Green Zone"},
{"District":"Dhamtari","State":"Chhattisgarh","Zone":"Green Zone"},
{"District":"Janjgir-Champa","State":"Chhattisgarh","Zone":"Green Zone"},
{"District":"Jashpur","State":"Chhattisgarh","Zone":"Green Zone"},
{"District":"Kanker","State":"Chhattisgarh","Zone":"Green Zone"},
{"District":"Kabirdham","State":"Chhattisgarh","Zone":"Green Zone"},
{"District":"Korea","State":"Chhattisgarh","Zone":"Green Zone"},
{"District":"Mahasamund","State":"Chhattisgarh","Zone":"Green Zone"},
{"District":"Raigarh","State":"Chhattisgarh","Zone":"Green Zone"},
{"District":"Surguja","State":"Chhattisgarh","Zone":"Green Zone"},
{"District":"Bijapur","State":"Chhattisgarh","Zone":"Green Zone"},
{"District":"Narayanpur","State":"Chhattisgarh","Zone":"Green Zone"},
{"District":"Sukma","State":"Chhattisgarh","Zone":"Green Zone"},
{"District":"Kondagaon","State":"Chhattisgarh","Zone":"Green Zone"},
{"District":"Baloda Bazar","State":"Chhattisgarh","Zone":"Green Zone"},
{"District":"Gariyaband","State":"Chhattisgarh","Zone":"Green Zone"},
{"District":"Balod","State":"Chhattisgarh","Zone":"Green Zone"},
{"District":"Mungeli","State":"Chhattisgarh","Zone":"Green Zone"},
{"District":"Balrampur","State":"Chhattisgarh","Zone":"Green Zone"},
{"District":"Bemetara","State":"Chhattisgarh","Zone":"Green Zone"},
{"District":"Dadra And Nagar Haveli","State":"Dadra And Nagar Haveli","Zone":"Green Zone"},
{"District":"Daman","State":"Daman And Diu","Zone":"Green Zone"},
{"District":"Diu","State":"Daman And Diu","Zone":"Green Zone"},
{"District":"South East","State":"Delhi","Zone":"Red Zone"},
{"District":"Central","State":"Delhi","Zone":"Red Zone"},
{"District":"North","State":"Delhi","Zone":"Red Zone"},
{"District":"South","State":"Delhi","Zone":"Red Zone"},
{"District":"North East","State":"Delhi","Zone":"Red Zone"},
{"District":"West","State":"Delhi","Zone":"Red Zone"},
{"District":"Shahdara","State":"Delhi","Zone":"Red Zone"},
{"District":"East","State":"Delhi","Zone":"Red Zone"},
{"District":"New Delhi","State":"Delhi","Zone":"Red Zone"},
{"District":"North West","State":"Delhi","Zone":"Red Zone"},
{"District":"South West","State":"Delhi","Zone":"Red Zone"},
{"District":"North Goa","State":"Goa","Zone":"Green Zone"},
{"District":"South Goa","State":"Goa","Zone":"Green Zone"},
{"District":"Ahmadabad","State":"Gujarat","Zone":"Red Zone"},
{"District":"Surat","State":"Gujarat","Zone":"Red Zone"},
{"District":"Vadodara","State":"Gujarat","Zone":"Red Zone"},
{"District":"Anand","State":"Gujarat","Zone":"Red Zone"},
{"District":"Banas Kantha","State":"Gujarat","Zone":"Red Zone"},
{"District":"Panch Mahals","State":"Gujarat","Zone":"Red Zone"},
{"District":"Bhavnagar","State":"Gujarat","Zone":"Red Zone"},
{"District":"Gandhinagar","State":"Gujarat","Zone":"Red Zone"},
{"District":"ArvaIii","State":"Gujarat","Zone":"Red Zone"},
{"District":"Rajkot","State":"Gujarat","Zone":"Orange Zone"},
{"District":"Bharuch","State":"Gujarat","Zone":"Orange Zone"},
{"District":"Botad","State":"Gujarat","Zone":"Orange Zone"},
{"District":"Narmada","State":"Gujarat","Zone":"Orange Zone"},
{"District":"Chhotaudepur","State":"Gujarat","Zone":"Orange Zone"},
{"District":"Mahisagar","State":"Gujarat","Zone":"Orange Zone"},
{"District":"Mahesana","State":"Gujarat","Zone":"Orange Zone"},
{"District":"Patan","State":"Gujarat","Zone":"Orange Zone"},
{"District":"Kheda","State":"Gujarat","Zone":"Orange Zone"},
{"District":"Valsad","State":"Gujarat","Zone":"Orange Zone"},
{"District":"Dohad","State":"Gujarat","Zone":"Orange Zone"},
{"District":"Kachchh","State":"Gujarat","Zone":"Orange Zone"},
{"District":"Navsari","State":"Gujarat","Zone":"Orange Zone"},
{"District":"GirSomnath","State":"Gujarat","Zone":"Orange Zone"},
{"District":"Dang","State":"Gujarat","Zone":"Orange Zone"},
{"District":"SabarKantha","State":"Gujarat","Zone":"Orange Zone"},
{"District":"Tapi","State":"Gujarat","Zone":"Orange Zone"},
{"District":"Jamnagar","State":"Gujarat","Zone":"Orange Zone"},
{"District":"Surendranagar","State":"Gujarat","Zone":"Orange Zone"},
{"District":"Morbi","State":"Gujarat","Zone":"Green Zone"},
{"District":"Amreli","State":"Gujarat","Zone":"Green Zone"},
{"District":"Porbandar","State":"Gujarat","Zone":"Green Zone"},
{"District":"Junagadh","State":"Gujarat","Zone":"Green Zone"},
{"District":"Devbhumi Dwarka","State":"Gujarat","Zone":"Green Zone"},
{"District":"Sonipat","State":"Haryana","Zone":"Red Zone"},
{"District":"Faridabad","State":"Haryana","Zone":"Red Zone"},
{"District":"Gurugram","State":"Haryana","Zone":"Orange Zone"},
{"District":"Nuh","State":"Haryana","Zone":"Orange Zone"},
{"District":"Panipat","State":"Haryana","Zone":"Orange Zone"},
{"District":"Panchkula","State":"Haryana","Zone":"Orange Zone"},
{"District":"Palwal","State":"Haryana","Zone":"Orange Zone"},
{"District":"Rohtak","State":"Haryana","Zone":"Orange Zone"},
{"District":"Hisar","State":"Haryana","Zone":"Orange Zone"},
{"District":"Ambala","State":"Haryana","Zone":"Orange Zone"},
{"District":"Jhajjar","State":"Haryana","Zone":"Orange Zone"},
{"District":"Bhiwani","State":"Haryana","Zone":"Orange Zone"},
{"District":"Kaithal","State":"Haryana","Zone":"Orange Zone"},
{"District":"Kurukshetra","State":"Haryana","Zone":"Orange Zone"},
{"District":"Karna I","State":"Haryana","Zone":"Orange Zone"},
{"District":"Jind","State":"Haryana","Zone":"Orange Zone"},
{"District":"Sirsa","State":"Haryana","Zone":"Orange Zone"},
{"District":"Yamunanagar","State":"Haryana","Zone":"Orange Zone"},
{"District":"Fatehabad","State":"Haryana","Zone":"Orange Zone"},
{"District":"Charki Dadri","State":"Haryana","Zone":"Orange Zone"},
{"District":"Mahendragarh","State":"Haryana","Zone":"Green Zone"},
{"District":"Rewari","State":"Haryana","Zone":"Green Zone"},
{"District":"Una","State":"Himachal Pradesh","Zone":"Orange Zone"},
{"District":"Chamba","State":"Himachal Pradesh","Zone":"Orange Zone"},
{"District":"Hamirpur","State":"Himachal Pradesh","Zone":"Orange Zone"},
{"District":"Kangra","State":"Himachal Pradesh","Zone":"Orange Zone"},
{"District":"Sirmaur","State":"Himachal Pradesh","Zone":"Orange Zone"},
{"District":"Solan","State":"Himachal Pradesh","Zone":"Orange Zone"},
{"District":"Bilaspur","State":"Himachal Pradesh","Zone":"Green Zone"},
{"District":"Kinnaur","State":"Himachal Pradesh","Zone":"Green Zone"},
{"District":"Kullu","State":"Himachal Pradesh","Zone":"Green Zone"},
{"District":"Lahul And Spiti","State":"Himachal Pradesh","Zone":"Green Zone"},
{"District":"Mandi","State":"Himachal Pradesh","Zone":"Green Zone"},
{"District":"Shimla","State":"Himachal Pradesh","Zone":"Green Zone"},
{"District":"Bandipora","State":"Jammu And Kashmir","Zone":"Red Zone"},
{"District":"Shopian","State":"Jammu And Kashmir","Zone":"Red Zone"},
{"District":"Anantnag","State":"Jammu And Kashmir","Zone":"Red Zone"},
{"District":"Srinagar","State":"Jammu And Kashmir","Zone":"Red Zone"},
{"District":"Baramulla","State":"Jammu And Kashmir","Zone":"Orange Zone"},
{"District":"Kupwara","State":"Jammu And Kashmir","Zone":"Orange Zone"},
{"District":"Ganderbal","State":"Jammu And Kashmir","Zone":"Orange Zone"},
{"District":"Jammu","State":"Jammu And Kashmir","Zone":"Orange Zone"},
{"District":"Udhampur","State":"Jammu And Kashmir","Zone":"Orange Zone"},
{"District":"Kulgam","State":"Jammu And Kashmir","Zone":"Orange Zone"},
{"District":"Budgam","State":"Jammu And Kashmir","Zone":"Orange Zone"},
{"District":"Samba","State":"Jammu And Kashmir","Zone":"Orange Zone"},
{"District":"Kathua","State":"Jammu And Kashmir","Zone":"Orange Zone"},
{"District":"Rajouri","State":"Jammu And Kashmir","Zone":"Orange Zone"},
{"District":"Ramban","State":"Jammu And Kashmir","Zone":"Orange Zone"},
{"District":"Reasi","State":"Jammu And Kashmir","Zone":"Orange Zone"},
{"District":"Pulwama","State":"Jammu And Kashmir","Zone":"Green Zone"},
{"District":"Kishtwar","State":"Jammu And Kashmir","Zone":"Green Zone"},
{"District":"Doda","State":"Jammu And Kashmir","Zone":"Green Zone"},
{"District":"Poonch","State":"Jammu And Kashmir","Zone":"Green Zone"},
{"District":"Ranchi","State":"Jharkhand","Zone":"Red Zone"},
{"District":"Bokaro","State":"Jharkhand","Zone":"Orange Zone"},
{"District":"Garhwa","State":"Jharkhand","Zone":"Orange Zone"},
{"District":"Dhanbad","State":"Jharkhand","Zone":"Orange Zone"},
{"District":"Deoghar","State":"Jharkhand","Zone":"Orange Zone"},
{"District":"Hazaribagh","State":"Jharkhand","Zone":"Orange Zone"},
{"District":"Simdega","State":"Jharkhand","Zone":"Orange Zone"},
{"District":"Giridih","State":"Jharkhand","Zone":"Orange Zone"},
{"District":"Koderma","State":"Jharkhand","Zone":"Orange Zone"},
{"District":"Jamtara","State":"Jharkhand","Zone":"Orange Zone"},
{"District":"Chatra","State":"Jharkhand","Zone":"Green Zone"},
{"District":"Dumka","State":"Jharkhand","Zone":"Green Zone"},
{"District":"East Singhbum","State":"Jharkhand","Zone":"Green Zone"},
{"District":"Godda","State":"Jharkhand","Zone":"Green Zone"},
{"District":"Gumla","State":"Jharkhand","Zone":"Green Zone"},
{"District":"Latehar","State":"Jharkhand","Zone":"Green Zone"},
{"District":"Lohardaga","State":"Jharkhand","Zone":"Green Zone"},
{"District":"Pakur","State":"Jharkhand","Zone":"Green Zone"},
{"District":"Palamu","State":"Jharkhand","Zone":"Green Zone"},
{"District":"Sahebganj","State":"Jharkhand","Zone":"Green Zone"},
{"District":"Saraikela Kharsawan","State":"Jharkhand","Zone":"Green Zone"},
{"District":"West Singhbhum","State":"Jharkhand","Zone":"Green Zone"},
{"District":"Khunti","State":"Jharkhand","Zone":"Green Zone"},
{"District":"Ramgarh","State":"Jharkhand","Zone":"Green Zone"},
{"District":"Bengaluru Urban","State":"Karnataka","Zone":"Red Zone"},
{"District":"Mysuru","State":"Karnataka","Zone":"Red Zone"},
{"District":"Bengaluru Rural","State":"Karnataka","Zone":"Red Zone"},
{"District":"Belagavi","State":"Karnataka","Zone":"Orange Zone"},
{"District":"Vijayapura","State":"Karnataka","Zone":"Orange Zone"},
{"District":"Kalaburagi","State":"Karnataka","Zone":"Orange Zone"},
{"District":"Bagalkote","State":"Karnataka","Zone":"Orange Zone"},
{"District":"Mandya","State":"Karnataka","Zone":"Orange Zone"},
{"District":"Ballari","State":"Karnataka","Zone":"Orange Zone"},
{"District":"Dharwad","State":"Karnataka","Zone":"Orange Zone"},
{"District":"Dakshina Kannada","State":"Karnataka","Zone":"Orange Zone"},
{"District":"Bidar","State":"Karnataka","Zone":"Orange Zone"},
{"District":"Chikkaballapura","State":"Karnataka","Zone":"Orange Zone"},
{"District":"Gadag","State":"Karnataka","Zone":"Orange Zone"},
{"District":"Uttara Kannada","State":"Karnataka","Zone":"Orange Zone"},
{"District":"Tumakuru","State":"Karnataka","Zone":"Orange Zone"},
{"District":"Davangere","State":"Karnataka","Zone":"Green Zone"},
{"District":"Udupi","State":"Karnataka","Zone":"Green Zone"},
{"District":"Chamarajanagara","State":"Karnataka","Zone":"Green Zone"},
{"District":"Chikkamagaluru","State":"Karnataka","Zone":"Green Zone"},
{"District":"Chitradurga","State":"Karnataka","Zone":"Green Zone"},
{"District":"Hassan","State":"Karnataka","Zone":"Green Zone"},
{"District":"Haveri","State":"Karnataka","Zone":"Green Zone"},
{"District":"Kodagu","State":"Karnataka","Zone":"Green Zone"},
{"District":"Kolar","State":"Karnataka","Zone":"Green Zone"},
{"District":"Koppa I","State":"Karnataka","Zone":"Green Zone"},
{"District":"Raichur","State":"Karnataka","Zone":"Green Zone"},
{"District":"Shivamogga","State":"Karnataka","Zone":"Green Zone"},
{"District":"Ramanagara","State":"Karnataka","Zone":"Green Zone"},
{"District":"Yadgir","State":"Karnataka","Zone":"Green Zone"},
{"District":"Kannur","State":"Kerala","Zone":"Red Zone"},
{"District":"Kottayam","State":"Kerala","Zone":"Red Zone"},
{"District":"Kasaragod","State":"Kerala","Zone":"Orange Zone"},
{"District":"ldukki","State":"Kerala","Zone":"Orange Zone"},
{"District":"Kozhikode","State":"Kerala","Zone":"Orange Zone"},
{"District":"Kollam","State":"Kerala","Zone":"Orange Zone"},
{"District":"Palakkad","State":"Kerala","Zone":"Orange Zone"},
{"District":"Pathanamthitta","State":"Kerala","Zone":"Orange Zone"},
{"District":"Malappuram","State":"Kerala","Zone":"Orange Zone"},
{"District":"Thiruvananthapuram","State":"Kerala","Zone":"Orange Zone"},
{"District":"Alappuzha","State":"Kerala","Zone":"Orange Zone"},
{"District":"Thrissur","State":"Kerala","Zone":"Orange Zone"},
{"District":"Ernakulam","State":"Kerala","Zone":"Green Zone"},
{"District":"Wayanad","State":"Kerala","Zone":"Green Zone"},
{"District":"Lehladakh","State":"Ladakh","Zone":"Orange Zone"},
{"District":"Kargil","State":"Ladakh","Zone":"Orange Zone"},
{"District":"Lakshadweep District","State":"Lakshadweep","Zone":"Green Zone"},
{"District":"Indore","State":"Madhya Pradesh","Zone":"Red Zone"},
{"District":"Bhopal","State":"Madhya Pradesh","Zone":"Red Zone"},
{"District":"Ujjain","State":"Madhya Pradesh","Zone":"Red Zone"},
{"District":"Jabalpur","State":"Madhya Pradesh","Zone":"Red Zone"},
{"District":"Dhar","State":"Madhya Pradesh","Zone":"Red Zone"},
{"District":"Barwani","State":"Madhya Pradesh","Zone":"Red Zone"},
{"District":"East Nimar","State":"Madhya Pradesh","Zone":"Red Zone"},
{"District":"Dewas","State":"Madhya Pradesh","Zone":"Red Zone"},
{"District":"Gwalior","State":"Madhya Pradesh","Zone":"Red Zone"},
{"District":"Khargone","State":"Madhya Pradesh","Zone":"Orange Zone"},
{"District":"Raisen","State":"Madhya Pradesh","Zone":"Orange Zone"},
{"District":"Hoshangabad","State":"Madhya Pradesh","Zone":"Orange Zone"},
{"District":"Ratlam","State":"Madhya Pradesh","Zone":"Orange Zone"},
{"District":"Agar Malwa","State":"Madhya Pradesh","Zone":"Orange Zone"},
{"District":"Mandsaur","State":"Madhya Pradesh","Zone":"Orange Zone"},
{"District":"Sagar","State":"Madhya Pradesh","Zone":"Orange Zone"},
{"District":"Shajapur","State":"Madhya Pradesh","Zone":"Orange Zone"},
{"District":"Chhindwara","State":"Madhya Pradesh","Zone":"Orange Zone"},
{"District":"Alirajpur","State":"Madhya Pradesh","Zone":"Orange Zone"},
{"District":"Tikamgarh","State":"Madhya Pradesh","Zone":"Orange Zone"},
{"District":"Shahdol","State":"Madhya Pradesh","Zone":"Orange Zone"},
{"District":"Sheopur","State":"Madhya Pradesh","Zone":"Orange Zone"},
{"District":"Dindori","State":"Madhya Pradesh","Zone":"Orange Zone"},
{"District":"Burhanpur","State":"Madhya Pradesh","Zone":"Orange Zone"},
{"District":"Harda","State":"Madhya Pradesh","Zone":"Orange Zone"},
{"District":"Betul","State":"Madhya Pradesh","Zone":"Orange Zone"},
{"District":"Vidisha","State":"Madhya Pradesh","Zone":"Orange Zone"},
{"District":"Morena","State":"Madhya Pradesh","Zone":"Orange Zone"},
{"District":"Rewa","State":"Madhya Pradesh","Zone":"Green Zone"},
{"District":"Ashoknagar","State":"Madhya Pradesh","Zone":"Green Zone"},
{"District":"Rajgarh","State":"Madhya Pradesh","Zone":"Green Zone"},
{"District":"Shivpuri","State":"Madhya Pradesh","Zone":"Green Zone"},
{"District":"Anuppur","State":"Madhya Pradesh","Zone":"Green Zone"},
{"District":"Balaghat","State":"Madhya Pradesh","Zone":"Green Zone"},
{"District":"Bhind","State":"Madhya Pradesh","Zone":"Green Zone"},
{"District":"Chhatarpur","State":"Madhya Pradesh","Zone":"Green Zone"},
{"District":"Da oh","State":"Madhya Pradesh","Zone":"Green Zone"},
{"District":"Datia","State":"Madhya Pradesh","Zone":"Green Zone"},
{"District":"Guna","State":"Madhya Pradesh","Zone":"Green Zone"},
{"District":"Jhabua","State":"Madhya Pradesh","Zone":"Green Zone"},
{"District":"Katni","State":"Madhya Pradesh","Zone":"Green Zone"},
{"District":"Mandia","State":"Madhya Pradesh","Zone":"Green Zone"},
{"District":"Narsinghpur","State":"Madhya Pradesh","Zone":"Green Zone"},
{"District":"Nee much","State":"Madhya Pradesh","Zone":"Green Zone"},
{"District":"Panna","State":"Madhya Pradesh","Zone":"Green Zone"},
{"District":"Satna","State":"Madhya Pradesh","Zone":"Green Zone"},
{"District":"Sehore","State":"Madhya Pradesh","Zone":"Green Zone"},
{"District":"Seoni","State":"Madhya Pradesh","Zone":"Green Zone"},
{"District":"Sid hi","State":"Madhya Pradesh","Zone":"Green Zone"},
{"District":"Umaria","State":"Madhya Pradesh","Zone":"Green Zone"},
{"District":"Singrauli","State":"Madhya Pradesh","Zone":"Green Zone"},
{"District":"Niwari","State":"Madhya Pradesh","Zone":"Green Zone"},
{"District":"Mumbai","State":"Maharashtra","Zone":"Red Zone"},
{"District":"Pune","State":"Maharashtra","Zone":"Red Zone"},
{"District":"Thane","State":"Maharashtra","Zone":"Red Zone"},
{"District":"Nashik","State":"Maharashtra","Zone":"Red Zone"},
{"District":"Palghar","State":"Maharashtra","Zone":"Red Zone"},
{"District":"Nagpur","State":"Maharashtra","Zone":"Red Zone"},
{"District":"Solapur","State":"Maharashtra","Zone":"Red Zone"},
{"District":"Yavatmal","State":"Maharashtra","Zone":"Red Zone"},
{"District":"Aurangabad","State":"Maharashtra","Zone":"Red Zone"},
{"District":"Satara","State":"Maharashtra","Zone":"Red Zone"},
{"District":"Dhule","State":"Maharashtra","Zone":"Red Zone"},
{"District":"Ako la","State":"Maharashtra","Zone":"Red Zone"},
{"District":"Jalgaon","State":"Maharashtra","Zone":"Red Zone"},
{"District":"Mumbai Suburban","State":"Maharashtra","Zone":"Red Zone"},
{"District":"Raigad","State":"Maharashtra","Zone":"Orange Zone"},
{"District":"Ahmednagar","State":"Maharashtra","Zone":"Orange Zone"},
{"District":"Amravati","State":"Maharashtra","Zone":"Orange Zone"},
{"District":"Buldhana","State":"Maharashtra","Zone":"Orange Zone"},
{"District":"Nandurbar","State":"Maharashtra","Zone":"Orange Zone"},
{"District":"Kolhapur","State":"Maharashtra","Zone":"Orange Zone"},
{"District":"Hingoli","State":"Maharashtra","Zone":"Orange Zone"},
{"District":"Ratnagiri","State":"Maharashtra","Zone":"Orange Zone"},
{"District":"Jalna","State":"Maharashtra","Zone":"Orange Zone"},
{"District":"Nanded","State":"Maharashtra","Zone":"Orange Zone"},
{"District":"Chandrapur","State":"Maharashtra","Zone":"Orange Zone"},
{"District":"Parbhani","State":"Maharashtra","Zone":"Orange Zone"},
{"District":"Sangli","State":"Maharashtra","Zone":"Orange Zone"},
{"District":"Latur","State":"Maharashtra","Zone":"Orange Zone"},
{"District":"Bhandara","State":"Maharashtra","Zone":"Orange Zone"},
{"District":"Beed","State":"Maharashtra","Zone":"Orange Zone"},
{"District":"Osmanabad","State":"Maharashtra","Zone":"Green Zone"},
{"District":"Washim","State":"Maharashtra","Zone":"Green Zone"},
{"District":"Sindhudurg","State":"Maharashtra","Zone":"Green Zone"},
{"District":"Gandia","State":"Maharashtra","Zone":"Green Zone"},
{"District":"Gadchiroli","State":"Maharashtra","Zone":"Green Zone"},
{"District":"Wardha","State":"Maharashtra","Zone":"Green Zone"},
{"District":"Imphal West","State":"Manipur","Zone":"Green Zone"},
{"District":"Thoubal","State":"Manipur","Zone":"Green Zone"},
{"District":"Bishnupur","State":"Manipur","Zone":"Green Zone"},
{"District":"Chandel","State":"Manipur","Zone":"Green Zone"},
{"District":"Churachandpur","State":"Manipur","Zone":"Green Zone"},
{"District":"Imphal East","State":"Manipur","Zone":"Green Zone"},
{"District":"Senapati","State":"Manipur","Zone":"Green Zone"},
{"District":"Tamenglong","State":"Manipur","Zone":"Green Zone"},
{"District":"Ukhrul","State":"Manipur","Zone":"Green Zone"},
{"District":"Kakching","State":"Manipur","Zone":"Green Zone"},
{"District":"Kangpokpi","State":"Manipur","Zone":"Green Zone"},
{"District":"Jiribam","State":"Manipur","Zone":"Green Zone"},
{"District":"Nonev","State":"Manipur","Zone":"Green Zone"},
{"District":"Pherzawl","State":"Manipur","Zone":"Green Zone"},
{"District":"Tengnoupal","State":"Manipur","Zone":"Green Zone"},
{"District":"Kamjong","State":"Manipur","Zone":"Green Zone"},
{"District":"East Khasi Hills","State":"Meghalaya","Zone":"Orange Zone"},
{"District":"East Garo Hills","State":"Meghalaya","Zone":"Green Zone"},
{"District":"West Jaintia Hills","State":"Meghalaya","Zone":"Green Zone"},
{"District":"Ri Bhoi","State":"Meghalaya","Zone":"Green Zone"},
{"District":"South Garo Hills","State":"Meghalaya","Zone":"Green Zone"},
{"District":"West Garo Hills","State":"Meghalaya","Zone":"Green Zone"},
{"District":"West Khasi Hills","State":"Meghalaya","Zone":"Green Zone"},
{"District":"North Garo Hills","State":"Meghalaya","Zone":"Green Zone"},
{"District":"East Jaintia Hills","State":"Meghalaya","Zone":"Green Zone"},
{"District":"South West Khasi Hills","State":"Meghalaya","Zone":"Green Zone"},
{"District":"South West Garo Hills","State":"Meghalaya","Zone":"Green Zone"},
{"District":"Aizawl","State":"Mizoram","Zone":"Green Zone"},
{"District":"Champhai","State":"Mizoram","Zone":"Green Zone"},
{"District":"Kolasib","State":"Mizoram","Zone":"Green Zone"},
{"District":"Lawngtlai","State":"Mizoram","Zone":"Green Zone"},
{"District":"Lunglei","State":"Mizoram","Zone":"Green Zone"},
{"District":"Mamit","State":"Mizoram","Zone":"Green Zone"},
{"District":"Saiha","State":"Mizoram","Zone":"Green Zone"},
{"District":"Serchhip","State":"Mizoram","Zone":"Green Zone"},
{"District":"Hnahthial","State":"Mizoram","Zone":"Green Zone"},
{"District":"Saitual","State":"Mizoram","Zone":"Green Zone"},
{"District":"Khawzawl","State":"Mizoram","Zone":"Green Zone"},
{"District":"Dimapur","State":"Nagaland","Zone":"Green Zone"},
{"District":"Kohima","State":"Nagaland","Zone":"Green Zone"},
{"District":"Mokokchung","State":"Nagaland","Zone":"Green Zone"},
{"District":"Mon","State":"Nagaland","Zone":"Green Zone"},
{"District":"Phek","State":"Nagaland","Zone":"Green Zone"},
{"District":"Tuensang","State":"Nagaland","Zone":"Green Zone"},
{"District":"Wokha","State":"Nagaland","Zone":"Green Zone"},
{"District":"Zunheboto","State":"Nagaland","Zone":"Green Zone"},
{"District":"Peren","State":"Nagaland","Zone":"Green Zone"},
{"District":"Kiphire","State":"Nagaland","Zone":"Green Zone"},
{"District":"Longleng","State":"Nagaland","Zone":"Green Zone"},
{"District":"Jajapur","State":"Orrisa","Zone":"Red Zone"},
{"District":"Bhadrak","State":"Orrisa","Zone":"Red Zone"},
{"District":"Baleshwar","State":"Orrisa","Zone":"Red Zone"},
{"District":"Khordha","State":"Orrisa","Zone":"Orange Zone"},
{"District":"Sundargarh","State":"Orrisa","Zone":"Orange Zone"},
{"District":"Kendrapara","State":"Orrisa","Zone":"Orange Zone"},
{"District":"Kora put","State":"Orrisa","Zone":"Orange Zone"},
{"District":"Dhenkanal","State":"Orrisa","Zone":"Orange Zone"},
{"District":"Kalahandi","State":"Orrisa","Zone":"Orange Zone"},
{"District":"Cuttack","State":"Orrisa","Zone":"Green Zone"},
{"District":"Puri","State":"Orrisa","Zone":"Green Zone"},
{"District":"Anugul","State":"Orrisa","Zone":"Green Zone"},
{"District":"Balangir","State":"Orrisa","Zone":"Green Zone"},
{"District":"Bargarh","State":"Orrisa","Zone":"Green Zone"},
{"District":"Boudh","State":"Orrisa","Zone":"Green Zone"},
{"District":"Deogarh","State":"Orrisa","Zone":"Green Zone"},
{"District":"Gajapati","State":"Orrisa","Zone":"Green Zone"},
{"District":"Ganjam","State":"Orrisa","Zone":"Green Zone"},
{"District":"Jagatsinghapu r","State":"Orrisa","Zone":"Green Zone"},
{"District":"Jharsuguda","State":"Orrisa","Zone":"Green Zone"},
{"District":"Kandhamal","State":"Orrisa","Zone":"Green Zone"},
{"District":"Kendujhar","State":"Orrisa","Zone":"Green Zone"},
{"District":"Malkangiri","State":"Orrisa","Zone":"Green Zone"},
{"District":"Mayurbhanj","State":"Orrisa","Zone":"Green Zone"},
{"District":"Nabarangpur","State":"Orrisa","Zone":"Green Zone"},
{"District":"Nayagarh","State":"Orrisa","Zone":"Green Zone"},
{"District":"Nuapada","State":"Orrisa","Zone":"Green Zone"},
{"District":"Rayagada","State":"Orrisa","Zone":"Green Zone"},
{"District":"Sambalpur","State":"Orrisa","Zone":"Green Zone"},
{"District":"Sonepur","State":"Orrisa","Zone":"Green Zone"},
{"District":"Pondicherry","State":"Puducherry","Zone":"Orange Zone"},
{"District":"Karaikal","State":"Puducherry","Zone":"Green Zone"},
{"District":"Mahe","State":"Puducherry","Zone":"Green Zone"},
{"District":"Yanam","State":"Puducherry","Zone":"Green Zone"},
{"District":"Jalandhar","State":"Punjab","Zone":"Red Zone"},
{"District":"Patiala","State":"Punjab","Zone":"Red Zone"},
{"District":"Ludhiana","State":"Punjab","Zone":"Red Zone"},
{"District":"SAS Nagar","State":"Punjab","Zone":"Orange Zone"},
{"District":"Pathankot","State":"Punjab","Zone":"Orange Zone"},
{"District":"Mansa","State":"Punjab","Zone":"Orange Zone"},
{"District":"Tarn Taran","State":"Punjab","Zone":"Orange Zone"},
{"District":"Amritsar","State":"Punjab","Zone":"Orange Zone"},
{"District":"Kapurthala","State":"Punjab","Zone":"Orange Zone"},
{"District":"Hoshiarpur","State":"Punjab","Zone":"Orange Zone"},
{"District":"Faridkot","State":"Punjab","Zone":"Orange Zone"},
{"District":"Sangrur","State":"Punjab","Zone":"Orange Zone"},
{"District":"Shahid Bhagat Singh Nagar (Nawanshahr)","State":"Punjab","Zone":"Orange Zone"},
{"District":"Firozepur","State":"Punjab","Zone":"Orange Zone"},
{"District":"Sri Muktsar Sahib","State":"Punjab","Zone":"Orange Zone"},
{"District":"Moga","State":"Punjab","Zone":"Orange Zone"},
{"District":"Gurdaspur","State":"Punjab","Zone":"Orange Zone"},
{"District":"Barna la","State":"Punjab","Zone":"Orange Zone"},
{"District":"Rupnagar (Ropar)","State":"Punjab","Zone":"Green Zone"},
{"District":"Fatehgarh Sahib","State":"Punjab","Zone":"Green Zone"},
{"District":"Bathinda","State":"Punjab","Zone":"Green Zone"},
{"District":"Fazilka","State":"Punjab","Zone":"Green Zone"},
{"District":"Jaipur","State":"Rajasthan","Zone":"Red Zone"},
{"District":"Jodhpur","State":"Rajasthan","Zone":"Red Zone"},
{"District":"Kota","State":"Rajasthan","Zone":"Red Zone"},
{"District":"Ajmer","State":"Rajasthan","Zone":"Red Zone"},
{"District":"Bharatpur","State":"Rajasthan","Zone":"Red Zone"},
{"District":"Nagaur","State":"Rajasthan","Zone":"Red Zone"},
{"District":"Banswara","State":"Rajasthan","Zone":"Red Zone"},
{"District":"Jhalawar","State":"Rajasthan","Zone":"Red Zone"},
{"District":"Tonk","State":"Rajasthan","Zone":"Orange Zone"},
{"District":"Jaisalmer","State":"Rajasthan","Zone":"Orange Zone"},
{"District":"Dausa","State":"Rajasthan","Zone":"Orange Zone"},
{"District":"Jhunjhunu","State":"Rajasthan","Zone":"Orange Zone"},
{"District":"Hanumangarh","State":"Rajasthan","Zone":"Orange Zone"},
{"District":"Bhilwara","State":"Rajasthan","Zone":"Orange Zone"},
{"District":"Sawai Madhaopur","State":"Rajasthan","Zone":"Orange Zone"},
{"District":"Chittorgarh","State":"Rajasthan","Zone":"Orange Zone"},
{"District":"Dungarpur","State":"Rajasthan","Zone":"Orange Zone"},
{"District":"Udaipur","State":"Rajasthan","Zone":"Orange Zone"},
{"District":"Dholpur","State":"Rajasthan","Zone":"Orange Zone"},
{"District":"Sikar","State":"Rajasthan","Zone":"Orange Zone"},
{"District":"Alwar","State":"Rajasthan","Zone":"Orange Zone"},
{"District":"Bikaner","State":"Rajasthan","Zone":"Orange Zone"},
{"District":"Churu","State":"Rajasthan","Zone":"Orange Zone"},
{"District":"Pali","State":"Rajasthan","Zone":"Orange Zone"},
{"District":"Barmer","State":"Rajasthan","Zone":"Orange Zone"},
{"District":"Karauli","State":"Rajasthan","Zone":"Orange Zone"},
{"District":"Rajsamand","State":"Rajasthan","Zone":"Orange Zone"},
{"District":"Baran","State":"Rajasthan","Zone":"Green Zone"},
{"District":"Bundi","State":"Rajasthan","Zone":"Green Zone"},
{"District":"Ganganagar","State":"Rajasthan","Zone":"Green Zone"},
{"District":"Jalore","State":"Rajasthan","Zone":"Green Zone"},
{"District":"Sirohi","State":"Rajasthan","Zone":"Green Zone"},
{"District":"Pratapgarh","State":"Rajasthan","Zone":"Green Zone"},
{"District":"North District","State":"Sikkim","Zone":"Green Zone"},
{"District":"East District","State":"Sikkim","Zone":"Green Zone"},
{"District":"South District","State":"Sikkim","Zone":"Green Zone"},
{"District":"West District","State":"Sikkim","Zone":"Green Zone"},
{"District":"Chennai","State":"Tamil Nadu","Zone":"Red Zone"},
{"District":"Madurai","State":"Tamil Nadu","Zone":"Red Zone"},
{"District":"Namakkal","State":"Tamil Nadu","Zone":"Red Zone"},
{"District":"Thanjavur","State":"Tamil Nadu","Zone":"Red Zone"},
{"District":"Chengalpattu","State":"Tamil Nadu","Zone":"Red Zone"},
{"District":"Thiruvallur","State":"Tamil Nadu","Zone":"Red Zone"},
{"District":"Tiruppur","State":"Tamil Nadu","Zone":"Red Zone"},
{"District":"Rani pet","State":"Tamil Nadu","Zone":"Red Zone"},
{"District":"Virudhunagar","State":"Tamil Nadu","Zone":"Red Zone"},
{"District":"Thiruvarur","State":"Tamil Nadu","Zone":"Red Zone"},
{"District":"Ve II ore","State":"Tamil Nadu","Zone":"Red Zone"},
{"District":"Kanchipuram","State":"Tamil Nadu","Zone":"Red Zone"},
{"District":"Theni","State":"Tamil Nadu","Zone":"Orange Zone"},
{"District":"Tenkasi","State":"Tamil Nadu","Zone":"Orange Zone"},
{"District":"Nagapattinam","State":"Tamil Nadu","Zone":"Orange Zone"},
{"District":"Dindigul","State":"Tamil Nadu","Zone":"Orange Zone"},
{"District":"Villupuram","State":"Tamil Nadu","Zone":"Orange Zone"},
{"District":"Coimbatore","State":"Tamil Nadu","Zone":"Orange Zone"},
{"District":"Cuddalore","State":"Tamil Nadu","Zone":"Orange Zone"},
{"District":"Salem","State":"Tamil Nadu","Zone":"Orange Zone"},
{"District":"Karur","State":"Tamil Nadu","Zone":"Orange Zone"},
{"District":"Tuticorin","State":"Tamil Nadu","Zone":"Orange Zone"},
{"District":"Tiruchirappalli","State":"Tamil Nadu","Zone":"Orange Zone"},
{"District":"Tirupathur","State":"Tamil Nadu","Zone":"Orange Zone"},
{"District":"Kanniyakumari","State":"Tamil Nadu","Zone":"Orange Zone"},
{"District":"Tiruvannamalai","State":"Tamil Nadu","Zone":"Orange Zone"},
{"District":"Ramanathapuram","State":"Tamil Nadu","Zone":"Orange Zone"},
{"District":"Tirunelveli","State":"Tamil Nadu","Zone":"Orange Zone"},
{"District":"The Nilgiris","State":"Tamil Nadu","Zone":"Orange Zone"},
{"District":"Sivaganga","State":"Tamil Nadu","Zone":"Orange Zone"},
{"District":"Perambalur","State":"Tamil Nadu","Zone":"Orange Zone"},
{"District":"Kallakurichi","State":"Tamil Nadu","Zone":"Orange Zone"},
{"District":"Ariyalur","State":"Tamil Nadu","Zone":"Orange Zone"},
{"District":"Erode","State":"Tamil Nadu","Zone":"Orange Zone"},
{"District":"Pudukkottai","State":"Tamil Nadu","Zone":"Orange Zone"},
{"District":"Dharmapuri","State":"Tamil Nadu","Zone":"Orange Zone"},
{"District":"Krishnagiri","State":"Tamil Nadu","Zone":"Green Zone"},
{"District":"Hyderabad","State":"Telangana","Zone":"Red Zone"},
{"District":"Surya pet","State":"Telangana","Zone":"Red Zone"},
{"District":"Ranga Reddy","State":"Telangana","Zone":"Red Zone"},
{"District":"MedchalMalkajgiri","State":"Telangana","Zone":"Red Zone"},
{"District":"Vikarabad","State":"Telangana","Zone":"Red Zone"},
{"District":"Warangal Urban","State":"Telangana","Zone":"Red Zone"},
{"District":"Nizamabad","State":"Telangana","Zone":"Orange Zone"},
{"District":"JogulambaGadwal","State":"Telangana","Zone":"Orange Zone"},
{"District":"Nirmal","State":"Telangana","Zone":"Orange Zone"},
{"District":"Nalgonda","State":"Telangana","Zone":"Orange Zone"},
{"District":"Adilabad","State":"Telangana","Zone":"Orange Zone"},
{"District":"Sangareddy","State":"Telangana","Zone":"Orange Zone"},
{"District":"Kama reddy","State":"Telangana","Zone":"Orange Zone"},
{"District":"KumuramBheemAsifabad","State":"Telangana","Zone":"Orange Zone"},
{"District":"Karimnagar","State":"Telangana","Zone":"Orange Zone"},
{"District":"Khammam","State":"Telangana","Zone":"Orange Zone"},
{"District":"Mahabubnagar","State":"Telangana","Zone":"Orange Zone"},
{"District":"Jagitial","State":"Telangana","Zone":"Orange Zone"},
{"District":"RajannaSircilla","State":"Telangana","Zone":"Orange Zone"},
{"District":"JayashankarBhupalapa lly","State":"Telangana","Zone":"Orange Zone"},
{"District":"Medak","State":"Telangana","Zone":"Orange Zone"},
{"District":"Jangoan","State":"Telangana","Zone":"Orange Zone"},
{"District":"Narayanpet","State":"Telangana","Zone":"Orange Zone"},
{"District":"Manche rial","State":"Telangana","Zone":"Orange Zone"},
{"District":"Peddapalli","State":"Telangana","Zone":"Green Zone"},
{"District":"Nagarkurnool","State":"Telangana","Zone":"Green Zone"},
{"District":"Mulugu","State":"Telangana","Zone":"Green Zone"},
{"District":"BhadradriKothagudem","State":"Telangana","Zone":"Green Zone"},
{"District":"Mahabubabad","State":"Telangana","Zone":"Green Zone"},
{"District":"Siddipet","State":"Telangana","Zone":"Green Zone"},
{"District":"Warangal Rural","State":"Telangana","Zone":"Green Zone"},
{"District":"Wanaparthy","State":"Telangana","Zone":"Green Zone"},
{"District":"YadadriBhuvanagiri","State":"Telangana","Zone":"Green Zone"},
{"District":"North Tripura","State":"Tripura","Zone":"Orange Zone"},
{"District":"Gomati","State":"Tripura","Zone":"Orange Zone"},
{"District":"Dhalai","State":"Tripura","Zone":"Green Zone"},
{"District":"South Tripura","State":"Tripura","Zone":"Green Zone"},
{"District":"West Tripura","State":"Tripura","Zone":"Green Zone"},
{"District":"Khowai","State":"Tripura","Zone":"Green Zone"},
{"District":"Sepahijala","State":"Tripura","Zone":"Green Zone"},
{"District":"Unakoti","State":"Tripura","Zone":"Green Zone"},
{"District":"Agra","State":"Uttar Pradesh","Zone":"Red Zone"},
{"District":"Lucknow","State":"Uttar Pradesh","Zone":"Red Zone"},
{"District":"Saharanpur","State":"Uttar Pradesh","Zone":"Red Zone"},
{"District":"Kanpur Nagar","State":"Uttar Pradesh","Zone":"Red Zone"},
{"District":"Moradabad","State":"Uttar Pradesh","Zone":"Red Zone"},
{"District":"Firozabad","State":"Uttar Pradesh","Zone":"Red Zone"},
{"District":"Gautam Buddha Nagar (Noida)","State":"Uttar Pradesh","Zone":"Red Zone"},
{"District":"Bulandshahr","State":"Uttar Pradesh","Zone":"Red Zone"},
{"District":"Meerut","State":"Uttar Pradesh","Zone":"Red Zone"},
{"District":"Rae Bareli","State":"Uttar Pradesh","Zone":"Red Zone"},
{"District":"Varanasi","State":"Uttar Pradesh","Zone":"Red Zone"},
{"District":"Bijnor","State":"Uttar Pradesh","Zone":"Red Zone"},
{"District":"Amroha","State":"Uttar Pradesh","Zone":"Red Zone"},
{"District":"Sant Kabeer Nagar","State":"Uttar Pradesh","Zone":"Red Zone"},
{"District":"Aligarh","State":"Uttar Pradesh","Zone":"Red Zone"},
{"District":"Muzaffarnagar","State":"Uttar Pradesh","Zone":"Red Zone"},
{"District":"Rampur","State":"Uttar Pradesh","Zone":"Red Zone"},
{"District":"Mathura","State":"Uttar Pradesh","Zone":"Red Zone"},
{"District":"Bareilly","State":"Uttar Pradesh","Zone":"Red Zone"},
{"District":"Ghaziabad","State":"Uttar Pradesh","Zone":"Orange Zone"},
{"District":"Hapur","State":"Uttar Pradesh","Zone":"Orange Zone"},
{"District":"Baghpat","State":"Uttar Pradesh","Zone":"Orange Zone"},
{"District":"Basti","State":"Uttar Pradesh","Zone":"Orange Zone"},
{"District":"Budaun","State":"Uttar Pradesh","Zone":"Orange Zone"},
{"District":"Sambhal","State":"Uttar Pradesh","Zone":"Orange Zone"},
{"District":"Auraiya","State":"Uttar Pradesh","Zone":"Orange Zone"},
{"District":"Sham Ii","State":"Uttar Pradesh","Zone":"Orange Zone"},
{"District":"Sitapur","State":"Uttar Pradesh","Zone":"Orange Zone"},
{"District":"Bahraich","State":"Uttar Pradesh","Zone":"Orange Zone"},
{"District":"Kannauj","State":"Uttar Pradesh","Zone":"Orange Zone"},
{"District":"Azamgarh","State":"Uttar Pradesh","Zone":"Orange Zone"},
{"District":"Mainpuri","State":"Uttar Pradesh","Zone":"Orange Zone"},
{"District":"Shravasti","State":"Uttar Pradesh","Zone":"Orange Zone"},
{"District":"Banda","State":"Uttar Pradesh","Zone":"Orange Zone"},
{"District":"Jaunpur","State":"Uttar Pradesh","Zone":"Orange Zone"},
{"District":"Etah","State":"Uttar Pradesh","Zone":"Orange Zone"},
{"District":"Kasganj","State":"Uttar Pradesh","Zone":"Orange Zone"},
{"District":"Sultanpur","State":"Uttar Pradesh","Zone":"Orange Zone"},
{"District":"Prayagraj (Allahabad)","State":"Uttar Pradesh","Zone":"Orange Zone"},
{"District":"Jalaun","State":"Uttar Pradesh","Zone":"Orange Zone"},
{"District":"Mirzapur","State":"Uttar Pradesh","Zone":"Orange Zone"},
{"District":"Etawah","State":"Uttar Pradesh","Zone":"Orange Zone"},
{"District":"Pratapgarh","State":"Uttar Pradesh","Zone":"Orange Zone"},
{"District":"Ghazipur","State":"Uttar Pradesh","Zone":"Orange Zone"},
{"District":"Gonda","State":"Uttar Pradesh","Zone":"Orange Zone"},
{"District":"Mau","State":"Uttar Pradesh","Zone":"Orange Zone"},
{"District":"Bhadohi","State":"Uttar Pradesh","Zone":"Orange Zone"},
{"District":"Unnao","State":"Uttar Pradesh","Zone":"Orange Zone"},
{"District":"Pilibhit","State":"Uttar Pradesh","Zone":"Orange Zone"},
{"District":"Balrampur","State":"Uttar Pradesh","Zone":"Orange Zone"},
{"District":"Ayodhya","State":"Uttar Pradesh","Zone":"Orange Zone"},
{"District":"Gorakhpur","State":"Uttar Pradesh","Zone":"Orange Zone"},
{"District":"Jhansi","State":"Uttar Pradesh","Zone":"Orange Zone"},
{"District":"Hardoi","State":"Uttar Pradesh","Zone":"Orange Zone"},
{"District":"Kaushambi","State":"Uttar Pradesh","Zone":"Orange Zone"},
{"District":"Barabanki","State":"Uttar Pradesh","Zone":"Green Zone"},
{"District":"Kheri","State":"Uttar Pradesh","Zone":"Green Zone"},
{"District":"Hathras","State":"Uttar Pradesh","Zone":"Green Zone"},
{"District":"Maharajganj","State":"Uttar Pradesh","Zone":"Green Zone"},
{"District":"Shahjahanpur","State":"Uttar Pradesh","Zone":"Green Zone"},
{"District":"Ambedkar Nagar","State":"Uttar Pradesh","Zone":"Green Zone"},
{"District":"BaIlia","State":"Uttar Pradesh","Zone":"Green Zone"},
{"District":"Chandauli","State":"Uttar Pradesh","Zone":"Green Zone"},
{"District":"Chitrakoot","State":"Uttar Pradesh","Zone":"Green Zone"},
{"District":"Deoria","State":"Uttar Pradesh","Zone":"Green Zone"},
{"District":"Farrukhabad","State":"Uttar Pradesh","Zone":"Green Zone"},
{"District":"Fatehpur","State":"Uttar Pradesh","Zone":"Green Zone"},
{"District":"Hamirpur","State":"Uttar Pradesh","Zone":"Green Zone"},
{"District":"Kanpur Dehat","State":"Uttar Pradesh","Zone":"Green Zone"},
{"District":"Kushi Nagar","State":"Uttar Pradesh","Zone":"Green Zone"},
{"District":"Lalitpur","State":"Uttar Pradesh","Zone":"Green Zone"},
{"District":"Mahoba","State":"Uttar Pradesh","Zone":"Green Zone"},
{"District":"Siddharth Nagar","State":"Uttar Pradesh","Zone":"Green Zone"},
{"District":"Sonbhadra","State":"Uttar Pradesh","Zone":"Green Zone"},
{"District":"Amethi","State":"Uttar Pradesh","Zone":"Green Zone"},
{"District":"Haridwar","State":"Uttarakhand","Zone":"Red Zone"},
{"District":"Dehradun","State":"Uttarakhand","Zone":"Orange Zone"},
{"District":"Nainital","State":"Uttarakhand","Zone":"Orange Zone"},
{"District":"Udam Singh Nagar","State":"Uttarakhand","Zone":"Green Zone"},
{"District":"Almora","State":"Uttarakhand","Zone":"Green Zone"},
{"District":"Pauri Garhwal","State":"Uttarakhand","Zone":"Green Zone"},
{"District":"Bageshwar","State":"Uttarakhand","Zone":"Green Zone"},
{"District":"Chamoli","State":"Uttarakhand","Zone":"Green Zone"},
{"District":"Champawat","State":"Uttarakhand","Zone":"Green Zone"},
{"District":"Pithoraga rh","State":"Uttarakhand","Zone":"Green Zone"},
{"District":"RudraPrayag","State":"Uttarakhand","Zone":"Green Zone"},
{"District":"Tehri Garhwal","State":"Uttarakhand","Zone":"Green Zone"},
{"District":"Uttar Kashi","State":"Uttarakhand","Zone":"Green Zone"},
{"District":"Kolkata","State":"West Bengal","Zone":"Red Zone"},
{"District":"Howrah","State":"West Bengal","Zone":"Red Zone"},
{"District":"24 Paraganas North","State":"West Bengal","Zone":"Red Zone"},
{"District":"24 Paraganas South","State":"West Bengal","Zone":"Red Zone"},
{"District":"Medinipur West","State":"West Bengal","Zone":"Red Zone"},
{"District":"Medinipur East","State":"West Bengal","Zone":"Red Zone"},
{"District":"Darjeeling","State":"West Bengal","Zone":"Red Zone"},
{"District":"Jalpaiguri","State":"West Bengal","Zone":"Red Zone"},
{"District":"Kalimpong","State":"West Bengal","Zone":"Red Zone"},
{"District":"Maldah","State":"West Bengal","Zone":"Red Zone"},
{"District":"Hooghly","State":"West Bengal","Zone":"Orange Zone"},
{"District":"Paschim Bardhaman","State":"West Bengal","Zone":"Orange Zone"},
{"District":"Nadia","State":"West Bengal","Zone":"Orange Zone"},
{"District":"Purba Bardhaman","State":"West Bengal","Zone":"Orange Zone"},
{"District":"Murshidabad","State":"West Bengal","Zone":"Orange Zone"},
{"District":"Dinajpur Uttar","State":"West Bengal","Zone":"Green Zone"},
{"District":"Bankura","State":"West Bengal","Zone":"Green Zone"},
{"District":"Birbhum","State":"West Bengal","Zone":"Green Zone"},
{"District":"Coochbehar","State":"West Bengal","Zone":"Green Zone"},
{"District":"Dinajpur Dakshin","State":"West Bengal","Zone":"Green Zone"},
{"District":"Purulia","State":"West Bengal","Zone":"Green Zone"},
{"District":"Alipurduar","State":"West Bengal","Zone":"Green Zone"},
{"District":"Jhargram","State":"West Bengal","Zone":"Green Zone"}
]